site,wildtype,mutant,condition,factor
1,E,-,DNSM,0.17901308834552765
2,V,-,DNSM,0.2799414098262787
3,Q,-,DNSM,0.311075359582901
4,L,-,DNSM,0.2855606973171234
5,L,-,DNSM,0.30186086893081665
6,E,-,DNSM,0.2592219412326813
7,S,-,DNSM,0.07233171910047531
8,G,-,DNSM,0.03151794150471687
9,G,-,DNSM,0.02042899653315544
10,G,-,DNSM,0.5002397298812866
11,L,-,DNSM,0.3489638566970825
12,V,-,DNSM,0.23114827275276184
13,Q,-,DNSM,0.17208731174468994
14,P,-,DNSM,0.19121775031089783
15,G,-,DNSM,0.059171102941036224
16,G,-,DNSM,0.5400649905204773
17,S,-,DNSM,0.06807420402765274
18,L,-,DNSM,0.15426583588123322
19,R,-,DNSM,0.2099822759628296
20,L,-,DNSM,0.14622390270233154
21,S,-,DNSM,0.12109348177909851
22,C,-,DNSM,0.019312335178256035
23,A,-,DNSM,0.8094634413719177
24,A,-,DNSM,0.48022472858428955
25,S,-,DNSM,0.1790151596069336
26,G,-,DNSM,0.304544061422348
27,F,-,DNSM,0.31565535068511963
28,T,-,DNSM,0.6325239539146423
29,F,-,DNSM,0.2893633544445038
30,S,-,DNSM,0.5849382281303406
31,S,-,DNSM,0.7944328784942627
32,Y,-,DNSM,0.6743289828300476
33,A,-,DNSM,0.37038594484329224
34,M,-,DNSM,0.36401766538619995
35,S,-,DNSM,0.733503520488739
36,W,-,DNSM,0.02648107334971428
37,V,-,DNSM,0.1781979352235794
38,R,-,DNSM,0.021481066942214966
39,Q,-,DNSM,0.22455687820911407
40,A,-,DNSM,0.4470809996128082
41,P,-,DNSM,0.1826152801513672
42,G,-,DNSM,0.25090470910072327
43,K,-,DNSM,0.5444071888923645
44,G,-,DNSM,0.2215607911348343
45,L,-,DNSM,0.40374183654785156
46,E,-,DNSM,0.33347126841545105
47,W,-,DNSM,0.24464748799800873
48,V,-,DNSM,0.36137744784355164
49,S,-,DNSM,0.4482257068157196
50,A,-,DNSM,0.9307501316070557
51,I,-,DNSM,0.5147941708564758
52,S,-,DNSM,0.7762155532836914
53,G,-,DNSM,0.8275303840637207
54,S,-,DNSM,0.835124135017395
55,G,-,DNSM,0.4722657799720764
56,G,-,DNSM,1.0595406293869019
57,S,-,DNSM,0.9000049829483032
58,T,-,DNSM,0.47151926159858704
59,Y,-,DNSM,0.7612538933753967
60,Y,-,DNSM,0.3739359974861145
61,A,-,DNSM,0.6041132211685181
62,D,-,DNSM,0.5047236084938049
63,S,-,DNSM,0.44954514503479004
64,V,-,DNSM,0.35246041417121887
65,K,-,DNSM,0.5939732193946838
66,G,-,DNSM,0.23314498364925385
67,R,-,DNSM,0.05447139963507652
68,F,-,DNSM,0.22794872522354126
69,T,-,DNSM,0.4770341217517853
70,I,-,DNSM,0.5441432595252991
71,S,-,DNSM,0.28837522864341736
72,R,-,DNSM,0.18238504230976105
73,D,-,DNSM,0.13326773047447205
74,N,-,DNSM,0.43649110198020935
75,S,-,DNSM,0.2993307411670685
76,K,-,DNSM,0.6770302653312683
77,N,-,DNSM,0.6229746341705322
78,T,-,DNSM,0.49501943588256836
79,L,-,DNSM,0.74430912733078
80,Y,-,DNSM,0.7213641405105591
81,L,-,DNSM,0.3482028543949127
82,Q,-,DNSM,0.5169706344604492
83,M,-,DNSM,0.4549266993999481
84,N,-,DNSM,0.7375330924987793
85,S,-,DNSM,0.5443612933158875
86,L,-,DNSM,0.25232571363449097
87,R,-,DNSM,0.6257079839706421
88,A,-,DNSM,0.9997174143791199
89,E,-,DNSM,0.8242621421813965
90,D,-,DNSM,0.046607278287410736
91,T,-,DNSM,0.39607203006744385
92,A,-,DNSM,0.2583978474140167
93,V,-,DNSM,1.0305413007736206
94,Y,-,DNSM,0.08186899125576019
95,Y,-,DNSM,0.4115545153617859
96,C,-,DNSM,0.019373634830117226
97,A,-,DNSM,0.983245849609375
98,R,-,DNSM,0.6911460161209106
99,D,-,DNSM,0.6731351613998413
100,L,-,DNSM,1.478428602218628
101,I,-,DNSM,1.5028016567230225
102,H,-,DNSM,1.3258137702941895
103,G,-,DNSM,0.7919289469718933
104,V,-,DNSM,1.3771770000457764
105,T,-,DNSM,1.1526119709014893
106,R,-,DNSM,1.3547903299331665
107,N,-,DNSM,0.96327805519104
108,W,-,DNSM,0.019502945244312286
109,G,-,DNSM,0.030226556584239006
110,Q,-,DNSM,0.4901251494884491
111,G,-,DNSM,0.02245512790977955
112,T,-,DNSM,0.39723026752471924
113,L,-,DNSM,0.4956337511539459
114,V,-,DNSM,0.08533153682947159
115,T,-,DNSM,0.42580804228782654
116,V,-,DNSM,0.056274522095918655
117,S,-,DNSM,0.5274317264556885
118,S,-,DNSM,0.7449893355369568
1,E,-,rel_asa_authH,0.8878923766816144
2,V,-,rel_asa_authH,0.2011494252873563
3,Q,-,rel_asa_authH,0.4088888888888889
4,L,-,rel_asa_authH,0.0199004975124378
5,L,-,rel_asa_authH,0.4228855721393035
6,E,-,rel_asa_authH,0.0627802690582959
7,S,-,rel_asa_authH,0.3935483870967742
8,G,-,rel_asa_authH,0.3557692307692308
9,G,-,rel_asa_authH,0.2788461538461538
10,G,-,rel_asa_authH,0.173076923076923
11,L,-,rel_asa_authH,0.2338308457711442
12,V,-,rel_asa_authH,0.0862068965517241
13,Q,-,rel_asa_authH,0.52
14,P,-,rel_asa_authH,0.3459119496855345
15,G,-,rel_asa_authH,0.5769230769230769
16,G,-,rel_asa_authH,0.2019230769230769
17,S,-,rel_asa_authH,0.4451612903225806
18,L,-,rel_asa_authH,0.1940298507462686
19,R,-,rel_asa_authH,0.4562043795620438
20,L,-,rel_asa_authH,0.0
21,S,-,rel_asa_authH,0.1935483870967742
22,C,-,rel_asa_authH,0.0059880239520958
23,A,-,rel_asa_authH,0.3875968992248062
24,A,-,rel_asa_authH,0.0697674418604651
25,S,-,rel_asa_authH,0.3225806451612903
26,G,-,rel_asa_authH,0.4711538461538461
27,F,-,rel_asa_authH,0.1291666666666666
28,T,-,rel_asa_authH,0.5406976744186046
29,F,-,rel_asa_authH,0.0166666666666666
30,S,-,rel_asa_authH,0.4516129032258064
31,S,-,rel_asa_authH,0.5032258064516129
32,Y,-,rel_asa_authH,0.2243346007604562
33,A,-,rel_asa_authH,0.1395348837209302
34,M,-,rel_asa_authH,0.0
35,S,-,rel_asa_authH,0.0
36,W,-,rel_asa_authH,0.0
37,V,-,rel_asa_authH,0.0
38,R,-,rel_asa_authH,0.0401459854014598
39,Q,-,rel_asa_authH,0.1111111111111111
40,A,-,rel_asa_authH,0.2403100775193798
41,P,-,rel_asa_authH,0.610062893081761
42,G,-,rel_asa_authH,0.8846153846153846
43,K,-,rel_asa_authH,0.6016949152542372
44,G,-,rel_asa_authH,0.2884615384615384
45,L,-,rel_asa_authH,0.0497512437810945
46,E,-,rel_asa_authH,0.358744394618834
47,W,-,rel_asa_authH,0.0456140350877193
48,V,-,rel_asa_authH,0.0
49,S,-,rel_asa_authH,0.0
50,A,-,rel_asa_authH,0.0077519379844961
51,I,-,rel_asa_authH,0.0203045685279187
52,S,-,rel_asa_authH,0.1483870967741935
53,G,-,rel_asa_authH,0.125
54,S,-,rel_asa_authH,0.632258064516129
55,G,-,rel_asa_authH,0.2596153846153846
56,G,-,rel_asa_authH,0.6538461538461539
57,S,-,rel_asa_authH,0.3290322580645161
58,T,-,rel_asa_authH,0.3604651162790697
59,Y,-,rel_asa_authH,0.1787072243346007
60,Y,-,rel_asa_authH,0.0988593155893536
61,A,-,rel_asa_authH,0.1007751937984496
62,D,-,rel_asa_authH,0.7202072538860104
63,S,-,rel_asa_authH,0.3225806451612903
64,V,-,rel_asa_authH,0.0
65,K,-,rel_asa_authH,0.4067796610169492
66,G,-,rel_asa_authH,0.7788461538461539
67,R,-,rel_asa_authH,0.0912408759124087
68,F,-,rel_asa_authH,0.0166666666666666
69,T,-,rel_asa_authH,0.4186046511627907
70,I,-,rel_asa_authH,0.0203045685279187
71,S,-,rel_asa_authH,0.3225806451612903
72,R,-,rel_asa_authH,0.1058394160583941
73,D,-,rel_asa_authH,0.2849740932642487
74,N,-,rel_asa_authH,0.2358974358974359
75,S,-,rel_asa_authH,0.7096774193548387
76,K,-,rel_asa_authH,0.5720338983050848
77,N,-,rel_asa_authH,0.3179487179487179
78,T,-,rel_asa_authH,0.1220930232558139
79,L,-,rel_asa_authH,0.0
80,Y,-,rel_asa_authH,0.1064638783269961
81,L,-,rel_asa_authH,0.0
82,Q,-,rel_asa_authH,0.2711111111111111
83,M,-,rel_asa_authH,0.0
84,N,-,rel_asa_authH,0.3076923076923077
85,S,-,rel_asa_authH,0.4387096774193548
86,L,-,rel_asa_authH,0.0149253731343283
87,R,-,rel_asa_authH,0.4452554744525547
88,A,-,rel_asa_authH,0.4496124031007752
89,E,-,rel_asa_authH,0.6636771300448431
90,D,-,rel_asa_authH,0.0103626943005181
91,T,-,rel_asa_authH,0.2093023255813953
92,A,-,rel_asa_authH,0.0155038759689922
93,V,-,rel_asa_authH,0.2183908045977011
94,Y,-,rel_asa_authH,0.0
95,Y,-,rel_asa_authH,0.053231939163498
96,C,-,rel_asa_authH,0.0
97,A,-,rel_asa_authH,0.0
98,R,-,rel_asa_authH,0.0802919708029197
99,D,-,rel_asa_authH,0.005181347150259
100,L,-,rel_asa_authH,0.3283582089552239
101,I,-,rel_asa_authH,0.467005076142132
102,H,-,rel_asa_authH,0.1830357142857142
103,G,-,rel_asa_authH,0.0
104,V,-,rel_asa_authH,0.0229885057471264
105,T,-,rel_asa_authH,0.005813953488372
106,R,-,rel_asa_authH,0.2335766423357664
107,N,-,rel_asa_authH,0.1641025641025641
108,W,-,rel_asa_authH,0.0982456140350877
109,G,-,rel_asa_authH,0.0
110,Q,-,rel_asa_authH,0.5555555555555556
111,G,-,rel_asa_authH,0.2211538461538461
112,T,-,rel_asa_authH,0.1104651162790697
113,L,-,rel_asa_authH,0.1890547263681592
114,V,-,rel_asa_authH,0.0
115,T,-,rel_asa_authH,0.0930232558139534
116,V,-,rel_asa_authH,0.028735632183908
117,S,-,rel_asa_authH,0.1870967741935484
118,S,-,rel_asa_authH,0.5612903225806452
