wildtype,site,mutant,DNSM,rel_asa_authH
Q,1,-,0.08814667,1.0
V,2,-,0.35380888,0.3793103448275862
Q,3,-,0.3395243,0.4977777777777777
L,4,-,0.14510566,0.0099502487562189
Q,5,-,0.36138397,0.3955555555555555
E,6,-,0.16439334,0.0448430493273542
S,7,-,0.119051866,0.4516129032258064
G,8,-,0.07977349,0.3173076923076923
P,9,-,0.08946485,0.5094339622641509
G,10,-,0.27116418,0.3365384615384615
L,11,-,0.3877807,0.6019900497512438
V,12,-,0.2601764,0.1034482758620689
K,13,-,0.32958394,0.5932203389830508
S,14,-,0.26260862,0.1806451612903225
S,15,-,0.19079351,0.6193548387096774
E,16,-,0.20898108,0.4798206278026906
T,17,-,0.12802227,0.3430232558139535
L,18,-,0.09522799,0.0049751243781094
S,19,-,0.30161306,0.2516129032258064
L,20,-,0.107095756,0.0199004975124378
S,21,-,0.21406917,0.1354838709677419
C,22,-,0.020859256,0.0
T,23,-,1.5434796,0.2732558139534883
V,24,-,0.34651873,0.0172413793103448
S,25,-,0.27041686,0.3870967741935484
G,26,-,0.3066801,0.5961538461538461
A,27,-,0.8064095,0.1627906976744186
S,28,-,0.47045192,0.3677419354838709
I,29,-,0.76401013,0.0812182741116751
S,30,-,0.7772564,0.232258064516129
N,31,-,0.42998642,0.3076923076923077
F,32,-,0.27770206,0.0333333333333333
Y,33,-,0.2304408,0.0988593155893536
W,34,-,0.0687139,0.0
S,35,-,0.33047768,0.0
W,36,-,0.06033297,0.0
V,37,-,0.26998535,0.0
R,38,-,0.066154845,0.0620437956204379
Q,39,-,0.3622675,0.1022222222222222
P,40,-,1.1111882,0.0691823899371069
P,41,-,0.09493544,0.5723270440251572
G,42,-,0.40868476,0.4423076923076923
K,43,-,0.5735284,0.3220338983050847
G,44,-,0.44188654,0.2980769230769231
L,45,-,0.4246071,0.0547263681592039
E,46,-,0.30685025,0.1659192825112107
W,47,-,0.11906248,0.0
M,48,-,0.38255113,0.0
G,49,-,0.27678692,0.0
S,50,-,0.19079195,0.0
I,51,-,0.6682974,0.0203045685279187
Y,52,-,0.47830302,0.2661596958174905
Y,53,-,0.38543618,0.376425855513308
T,54,-,0.66958815,0.5290697674418605
G,55,-,0.2864373,0.3461538461538461
T,56,-,0.59561855,0.4767441860465116
I,57,-,0.8239108,0.3553299492385787
T,58,-,0.5769974,0.0348837209302325
Y,59,-,0.21839572,0.1596958174904943
N,60,-,0.3171902,0.0205128205128205
P,61,-,0.2959859,0.2641509433962264
S,62,-,0.53286344,0.5161290322580645
L,63,-,0.36149034,0.0199004975124378
K,64,-,1.1072402,0.5847457627118644
S,65,-,0.9059881,0.6903225806451613
R,66,-,0.11784498,0.1605839416058394
L,67,-,0.52598894,0.0199004975124378
T,68,-,0.77669424,0.4011627906976744
M,69,-,0.5548945,0.0714285714285714
S,70,-,0.3940589,0.4193548387096774
V,71,-,0.6881829,0.2011494252873563
D,72,-,0.4754321,0.3264248704663212
T,73,-,0.99554664,0.4244186046511627
S,74,-,0.92468923,0.6709677419354839
K,75,-,0.8445327,0.4830508474576271
N,76,-,0.62043756,0.2307692307692307
Q,77,-,0.47132552,0.16
F,78,-,0.5586706,0.0041666666666666
S,79,-,0.7341649,0.1870967741935484
L,80,-,0.28362936,0.0049751243781094
K,81,-,1.0755663,0.4406779661016949
L,82,-,0.74868566,0.0
N,83,-,1.0592577,0.3538461538461538
S,84,-,1.0987719,0.4451612903225806
V,85,-,0.9286874,0.0229885057471264
T,86,-,0.52405494,0.2674418604651162
A,87,-,0.4163487,0.1007751937984496
A,88,-,0.3700548,0.1085271317829457
D,89,-,0.18544933,0.0103626943005181
T,90,-,0.6085606,0.1337209302325581
A,91,-,0.45531145,0.0
V,92,-,0.9405202,0.0632183908045977
Y,93,-,0.06650334,0.0
S,94,-,0.7652245,0.0129032258064516
C,95,-,0.021052005,0.0
A,96,-,0.4757087,0.0
G,97,-,0.4470124,0.0
L,98,-,0.5011592,0.0
D,99,-,0.20941688,0.0103626943005181
R,100,-,0.31724375,0.1277372262773722
F,101,-,0.44720098,0.6416666666666667
N,102,-,0.3962385,0.2974358974358974
W,103,-,0.1537162,0.3614035087719298
N,104,-,0.3542859,0.3230769230769231
D,105,-,0.27368203,0.6217616580310881
E,106,-,0.32640544,0.3856502242152466
G,107,-,0.18815441,0.0384615384615384
D,108,-,0.16008334,0.077720207253886
C,109,-,1.0106225,0.1197604790419161
W,110,-,0.019780017,0.119298245614035
G,111,-,0.18360654,0.0576923076923076
Q,112,-,0.740351,0.4
G,113,-,0.06612583,0.1538461538461538
T,114,-,0.9961977,0.2325581395348837
L,115,-,0.7472676,0.417910447761194
V,116,-,0.14299056,0.0
T,117,-,0.48625365,0.3313953488372093
V,118,-,0.08655696,0.0632183908045977
