,site_aa,rel_asa_authH,asa_authH,rel_asa_authI,asa_authI,rel_asa_authJ,asa_authJ,rel_asa_authK,asa_authK
0,E,0.8878923766816144,190.00896860986546,0.5336322869955157,114.19730941704036,0.8923766816143498,190.96860986547085,0.57847533632287,123.79372197309416
1,V,0.20114942528735633,33.189655172413794,0.26436781609195403,43.62068965517241,0.29310344827586204,48.36206896551724,0.25287356321839083,41.724137931034484
2,Q,0.4088888888888889,87.50222222222223,0.5333333333333333,114.13333333333333,0.4,85.60000000000001,0.49777777777777776,106.52444444444444
3,L,0.01990049751243781,3.800995024875622,0.05472636815920398,10.452736318407961,0.029850746268656716,5.701492537313433,0.029850746268656716,5.701492537313433
4,L,0.4228855721393035,80.77114427860697,0.47761194029850745,91.22388059701493,0.373134328358209,71.26865671641791,0.3781094527363184,72.21890547263682
5,E,0.06278026905829596,13.434977578475337,0.04035874439461883,8.63677130044843,0.053811659192825115,11.515695067264575,0.04035874439461883,8.63677130044843
6,S,0.3935483870967742,56.27741935483871,0.3935483870967742,56.27741935483871,0.4,57.2,0.4129032258064516,59.04516129032258
7,G,0.3557692307692308,34.50961538461539,0.3942307692307692,38.24038461538461,0.2980769230769231,28.913461538461537,0.36538461538461536,35.44230769230769
8,G,0.27884615384615385,27.048076923076923,0.18269230769230768,17.721153846153847,0.16346153846153846,15.855769230769232,0.25,24.25
9,G,0.17307692307692307,16.788461538461537,0.23076923076923078,22.384615384615387,0.16346153846153846,15.855769230769232,0.25,24.25
10,L,0.23383084577114427,44.66169154228856,0.24378109452736318,46.56218905472637,0.22885572139303484,43.711442786069654,0.2537313432835821,48.462686567164184
11,V,0.08620689655172414,14.224137931034484,0.11494252873563218,18.96551724137931,0.07471264367816093,12.327586206896553,0.12643678160919541,20.862068965517242
12,Q,0.52,111.28,0.5955555555555555,127.44888888888887,0.6755555555555556,144.5688888888889,0.6355555555555555,136.0088888888889
13,P,0.34591194968553457,53.270440251572325,0.3836477987421384,59.08176100628931,0.42138364779874216,64.89308176100629,0.42138364779874216,64.89308176100629
14,G,0.5769230769230769,55.96153846153846,0.5384615384615384,52.230769230769226,0.5288461538461539,51.29807692307693,0.5480769230769231,53.16346153846154
15,G,0.20192307692307693,19.586538461538463,0.21153846153846154,20.51923076923077,0.18269230769230768,17.721153846153847,0.20192307692307693,19.586538461538463
16,S,0.44516129032258067,63.65806451612904,0.4129032258064516,59.04516129032258,0.41935483870967744,59.96774193548387,0.4258064516129032,60.89032258064516
17,L,0.19402985074626866,37.059701492537314,0.15422885572139303,29.457711442786067,0.1691542288557214,32.308457711442784,0.14427860696517414,27.55721393034826
18,R,0.4562043795620438,120.8941605839416,0.4562043795620438,120.8941605839416,0.4416058394160584,117.02554744525548,0.45985401459854014,121.86131386861314
19,L,0.0,0.0,0.0,0.0,0.0,0.0,0.0,0.0
20,S,0.1935483870967742,27.677419354838708,0.21935483870967742,31.36774193548387,0.23225806451612904,33.21290322580645,0.1870967741935484,26.75483870967742
21,C,0.005988023952095809,0.8862275449101797,0.005988023952095809,0.8862275449101797,0.0,0.0,0.005988023952095809,0.8862275449101797
22,A,0.3875968992248062,46.89922480620155,0.40310077519379844,48.775193798449614,0.3488372093023256,42.2093023255814,0.3953488372093023,47.837209302325576
23,A,0.06976744186046512,8.441860465116278,0.046511627906976744,5.627906976744186,0.06976744186046512,8.441860465116278,0.06976744186046512,8.441860465116278
24,S,0.3225806451612903,46.12903225806451,0.3741935483870968,53.50967741935484,0.3161290322580645,45.20645161290322,0.4,57.2
25,G,0.47115384615384615,45.70192307692307,0.5480769230769231,53.16346153846154,0.49038461538461536,47.56730769230769,0.5192307692307693,50.36538461538462
26,F,0.12916666666666668,29.450000000000003,0.11666666666666667,26.6,0.125,28.5,0.15,34.199999999999996
27,T,0.5406976744186046,88.13372093023256,0.5232558139534884,85.29069767441861,0.5348837209302325,87.1860465116279,0.5465116279069767,89.0813953488372
28,F,0.016666666666666666,3.8,0.025,5.7,0.0125,2.85,0.025,5.7
29,S,0.45161290322580644,64.58064516129032,0.41935483870967744,59.96774193548387,0.45806451612903226,65.50322580645161,0.41935483870967744,59.96774193548387
30,S,0.5032258064516129,71.96129032258064,0.5419354838709678,77.49677419354839,0.4967741935483871,71.03870967741935,0.5483870967741935,78.41935483870967
31,Y,0.22433460076045628,57.20532319391635,0.22053231939163498,56.23574144486692,0.21292775665399238,54.29657794676806,0.22813688212927757,58.17490494296578
32,A,0.13953488372093023,16.883720930232556,0.13953488372093023,16.883720930232556,0.13178294573643412,15.945736434108529,0.13178294573643412,15.945736434108529
33,M,0.0,0.0,0.0,0.0,0.0,0.0,0.0,0.0
34,S,0.0,0.0,0.0064516129032258064,0.9225806451612903,0.012903225806451613,1.8451612903225807,0.012903225806451613,1.8451612903225807
35,W,0.0,0.0,0.0,0.0,0.0,0.0,0.0,0.0
36,V,0.0,0.0,0.005747126436781609,0.9482758620689655,0.0,0.0,0.005747126436781609,0.9482758620689655
37,R,0.040145985401459854,10.63868613138686,0.029197080291970802,7.737226277372263,0.040145985401459854,10.63868613138686,0.032846715328467155,8.704379562043796
38,Q,0.1111111111111111,23.777777777777775,0.1111111111111111,23.777777777777775,0.11555555555555555,24.72888888888889,0.10666666666666667,22.826666666666668
39,A,0.24031007751937986,29.07751937984496,0.18604651162790697,22.511627906976745,0.20155038759689922,24.387596899224807,0.23255813953488372,28.13953488372093
40,P,0.610062893081761,93.9496855345912,0.6289308176100629,96.85534591194968,0.5471698113207547,84.26415094339623,0.6729559748427673,103.63522012578616
41,G,0.8846153846153846,85.8076923076923,0.8557692307692307,83.00961538461539,0.8557692307692307,83.00961538461539,0.8846153846153846,85.8076923076923
42,K,0.6016949152542372,138.38983050847457,0.6059322033898306,139.36440677966104,0.5677966101694916,130.59322033898306,0.6398305084745762,147.16101694915253
43,G,0.28846153846153844,27.98076923076923,0.2692307692307692,26.115384615384613,0.2692307692307692,26.115384615384613,0.28846153846153844,27.98076923076923
44,L,0.04975124378109453,9.502487562189055,0.05970149253731343,11.402985074626866,0.04477611940298507,8.552238805970148,0.06965174129353234,13.303482587064677
45,E,0.35874439461883406,76.7713004484305,0.3542600896860987,75.81165919282512,0.3542600896860987,75.81165919282512,0.3632286995515695,77.73094170403587
46,W,0.0456140350877193,12.042105263157895,0.03859649122807018,10.189473684210526,0.0456140350877193,12.042105263157895,0.042105263157894736,11.11578947368421
47,V,0.0,0.0,0.005747126436781609,0.9482758620689655,0.005747126436781609,0.9482758620689655,0.005747126436781609,0.9482758620689655
48,S,0.0,0.0,0.0,0.0,0.0,0.0,0.0,0.0
49,A,0.007751937984496124,0.937984496124031,0.015503875968992248,1.875968992248062,0.007751937984496124,0.937984496124031,0.007751937984496124,0.937984496124031
50,I,0.02030456852791878,3.9593908629441623,0.02030456852791878,3.9593908629441623,0.015228426395939087,2.969543147208122,0.02030456852791878,3.9593908629441623
51,S,0.14838709677419354,21.219354838709677,0.16129032258064516,23.064516129032256,0.15483870967741936,22.14193548387097,0.12258064516129032,17.529032258064515
52,G,0.125,12.125,0.11538461538461539,11.192307692307693,0.14423076923076922,13.990384615384615,0.125,12.125
53,S,0.632258064516129,90.41290322580645,0.6516129032258065,93.18064516129033,0.6516129032258065,93.18064516129033,0.6387096774193548,91.33548387096774
54,G,0.25961538461538464,25.18269230769231,0.25,24.25,0.3076923076923077,29.846153846153847,0.28846153846153844,27.98076923076923
55,G,0.6538461538461539,63.42307692307693,0.6634615384615384,64.35576923076923,0.625,60.625,0.6346153846153846,61.55769230769231
56,S,0.32903225806451614,47.05161290322581,0.2838709677419355,40.593548387096774,0.32903225806451614,47.05161290322581,0.3419354838709677,48.89677419354838
57,T,0.36046511627906974,58.75581395348837,0.3430232558139535,55.91279069767442,0.38953488372093026,63.49418604651163,0.36046511627906974,58.75581395348837
58,Y,0.17870722433460076,45.57034220532319,0.1444866920152091,36.844106463878326,0.18250950570342206,46.539923954372625,0.13688212927756654,34.90494296577947
59,Y,0.09885931558935361,25.20912547528517,0.10646387832699619,27.14828897338403,0.09125475285171103,23.269961977186313,0.09125475285171103,23.269961977186313
60,A,0.10077519379844961,12.193798449612403,0.12403100775193798,15.007751937984496,0.10852713178294573,13.131782945736434,0.08527131782945736,10.317829457364342
61,D,0.7202072538860104,134.67875647668393,0.6787564766839378,126.92746113989637,0.6994818652849741,130.80310880829018,0.6994818652849741,130.80310880829018
62,S,0.3225806451612903,46.12903225806451,0.3096774193548387,44.28387096774194,0.36774193548387096,52.58709677419355,0.3096774193548387,44.28387096774194
63,V,0.0,0.0,0.005747126436781609,0.9482758620689655,0.005747126436781609,0.9482758620689655,0.005747126436781609,0.9482758620689655
64,K,0.4067796610169492,93.55932203389831,0.3855932203389831,88.6864406779661,0.3516949152542373,80.88983050847457,0.3983050847457627,91.61016949152543
65,G,0.7788461538461539,75.54807692307692,0.7788461538461539,75.54807692307692,0.7788461538461539,75.54807692307692,0.7980769230769231,77.41346153846155
66,R,0.09124087591240876,24.17883211678832,0.07664233576642336,20.310218978102192,0.0948905109489051,25.145985401459853,0.0948905109489051,25.145985401459853
67,F,0.016666666666666666,3.8,0.016666666666666666,3.8,0.008333333333333333,1.9,0.0125,2.85
68,T,0.4186046511627907,68.23255813953489,0.43023255813953487,70.12790697674419,0.4069767441860465,66.33720930232558,0.42441860465116277,69.18023255813954
69,I,0.02030456852791878,3.9593908629441623,0.02030456852791878,3.9593908629441623,0.030456852791878174,5.939086294416244,0.015228426395939087,2.969543147208122
70,S,0.3225806451612903,46.12903225806451,0.2967741935483871,42.438709677419354,0.2903225806451613,41.516129032258064,0.32903225806451614,47.05161290322581
71,R,0.10583941605839416,28.04744525547445,0.10948905109489052,29.014598540145986,0.10948905109489052,29.014598540145986,0.10218978102189781,27.08029197080292
72,D,0.2849740932642487,53.29015544041451,0.25906735751295334,48.445595854922274,0.3160621761658031,59.10362694300518,0.27461139896373055,51.35233160621761
73,N,0.2358974358974359,44.11282051282051,0.2564102564102564,47.94871794871794,0.24102564102564103,45.07179487179487,0.2512820512820513,46.98974358974359
74,S,0.7096774193548387,101.48387096774194,0.6903225806451613,98.71612903225807,0.6903225806451613,98.71612903225807,0.7032258064516129,100.56129032258065
75,K,0.5720338983050848,131.5677966101695,0.576271186440678,132.54237288135593,0.614406779661017,141.3135593220339,0.5296610169491526,121.8220338983051
76,N,0.31794871794871793,59.45641025641025,0.3076923076923077,57.53846153846154,0.31794871794871793,59.45641025641025,0.35384615384615387,66.16923076923078
77,T,0.12209302325581395,19.901162790697672,0.11046511627906977,18.00581395348837,0.08139534883720931,13.267441860465118,0.10465116279069768,17.058139534883722
78,L,0.0,0.0,0.0,0.0,0.0,0.0,0.0,0.0
79,Y,0.10646387832699619,27.14828897338403,0.11406844106463879,29.08745247148289,0.14068441064638784,35.8745247148289,0.09505703422053231,24.23954372623574
80,L,0.0,0.0,0.0,0.0,0.0,0.0,0.0,0.0
81,Q,0.27111111111111114,58.01777777777778,0.23555555555555555,50.40888888888889,0.24888888888888888,53.26222222222222,0.24888888888888888,53.26222222222222
82,M,0.0,0.0,0.0,0.0,0.0,0.0,0.0,0.0
83,N,0.3076923076923077,57.53846153846154,0.3333333333333333,62.33333333333333,0.3128205128205128,58.4974358974359,0.3282051282051282,61.37435897435898
84,S,0.43870967741935485,62.73548387096774,0.45806451612903226,65.50322580645161,0.36774193548387096,52.58709677419355,0.3935483870967742,56.27741935483871
85,L,0.014925373134328358,2.8507462686567164,0.014925373134328358,2.8507462686567164,0.009950248756218905,1.900497512437811,0.009950248756218905,1.900497512437811
86,R,0.44525547445255476,117.99270072992701,0.4306569343065693,114.12408759124087,0.4051094890510949,107.35401459854015,0.3722627737226277,98.64963503649635
87,A,0.4496124031007752,54.4031007751938,0.4496124031007752,54.4031007751938,0.49612403100775193,60.031007751937985,0.4728682170542636,57.21705426356589
88,E,0.6636771300448431,142.02690582959642,0.6322869955156951,135.30941704035877,0.6053811659192825,129.55156950672645,0.5605381165919282,119.95515695067263
89,D,0.010362694300518135,1.9378238341968912,0.0051813471502590676,0.9689119170984456,0.0,0.0,0.0051813471502590676,0.9689119170984456
90,T,0.20930232558139536,34.116279069767444,0.22674418604651161,36.95930232558139,0.18604651162790697,30.325581395348838,0.20348837209302326,33.16860465116279
91,A,0.015503875968992248,1.875968992248062,0.007751937984496124,0.937984496124031,0.007751937984496124,0.937984496124031,0.007751937984496124,0.937984496124031
92,V,0.21839080459770116,36.03448275862069,0.21264367816091953,35.08620689655172,0.22413793103448276,36.98275862068966,0.23563218390804597,38.87931034482759
93,Y,0.0,0.0,0.0,0.0,0.0,0.0,0.0,0.0
94,Y,0.053231939163498096,13.574144486692015,0.049429657794676805,12.604562737642585,0.053231939163498096,13.574144486692015,0.057034220532319393,14.543726235741445
95,C,0.0,0.0,0.0,0.0,0.0,0.0,0.0,0.0
96,A,0.0,0.0,0.0,0.0,0.0,0.0,0.0,0.0
97,R,0.08029197080291971,21.27737226277372,0.08394160583941605,22.244525547445253,0.07664233576642336,20.310218978102192,0.08029197080291971,21.27737226277372
98,D,0.0051813471502590676,0.9689119170984456,0.0051813471502590676,0.9689119170984456,0.015544041450777202,2.906735751295337,0.0051813471502590676,0.9689119170984456
99,L,0.3283582089552239,62.71641791044776,0.3333333333333333,63.666666666666664,0.3283582089552239,62.71641791044776,0.3283582089552239,62.71641791044776
100,I,0.467005076142132,91.06598984771574,0.4365482233502538,85.12690355329948,0.4517766497461929,88.09644670050761,0.4365482233502538,85.12690355329948
101,H,0.18303571428571427,39.535714285714285,0.16964285714285715,36.642857142857146,0.17410714285714285,37.607142857142854,0.16517857142857142,35.67857142857143
102,G,0.0,0.0,0.0,0.0,0.009615384615384616,0.9326923076923077,0.0,0.0
103,V,0.022988505747126436,3.793103448275862,0.022988505747126436,3.793103448275862,0.022988505747126436,3.793103448275862,0.028735632183908046,4.741379310344827
104,T,0.005813953488372093,0.9476744186046512,0.011627906976744186,1.8953488372093024,0.011627906976744186,1.8953488372093024,0.011627906976744186,1.8953488372093024
105,R,0.23357664233576642,61.8978102189781,0.23357664233576642,61.8978102189781,0.24087591240875914,63.83211678832117,0.22627737226277372,59.96350364963504
106,N,0.1641025641025641,30.68717948717949,0.15897435897435896,29.728205128205126,0.1641025641025641,30.68717948717949,0.14358974358974358,26.85128205128205
107,W,0.09824561403508772,25.936842105263157,0.10877192982456141,28.71578947368421,0.10175438596491228,26.86315789473684,0.10877192982456141,28.71578947368421
108,G,0.0,0.0,0.028846153846153848,2.7980769230769234,0.04807692307692308,4.663461538461538,0.038461538461538464,3.730769230769231
109,Q,0.5555555555555556,118.8888888888889,0.5244444444444445,112.23111111111112,0.4533333333333333,97.01333333333334,0.4577777777777778,97.96444444444444
110,G,0.22115384615384615,21.451923076923077,0.1346153846153846,13.057692307692307,0.1346153846153846,13.057692307692307,0.1346153846153846,13.057692307692307
111,T,0.11046511627906977,18.00581395348837,0.10465116279069768,17.058139534883722,0.0872093023255814,14.215116279069768,0.11046511627906977,18.00581395348837
112,L,0.1890547263681592,36.10945273631841,0.25870646766169153,49.41293532338308,0.17412935323383086,33.258706467661696,0.26865671641791045,51.3134328358209
113,V,0.0,0.0,0.0,0.0,0.0,0.0,0.0,0.0
114,T,0.09302325581395349,15.162790697674419,0.09302325581395349,15.162790697674419,0.09302325581395349,15.162790697674419,0.09302325581395349,15.162790697674419
115,V,0.028735632183908046,4.741379310344827,0.04597701149425287,7.586206896551724,0.034482758620689655,5.689655172413793,0.028735632183908046,4.741379310344827
116,S,0.1870967741935484,26.75483870967742,0.2129032258064516,30.44516129032258,0.18064516129032257,25.83225806451613,0.2064516129032258,29.52258064516129
117,S,0.5612903225806452,80.26451612903226,0.5870967741935483,83.95483870967742,0.6709677419354839,95.9483870967742,0.6580645161290323,94.10322580645162
